{"cameraMode":{"drawMode":0,"name":"Shaded","section":"Shading Mode"},"sceneLighting":false,"audioPlay":false,"sceneViewState":{"showFog":false,"showMaterialUpdate":false,"showSkybox":false,"showFlares":false,"showImageEffects":false,"showParticleSystems":false,"showVisualEffectGraphs":true,"m_FxEnabled":true},"in2DMode":false,"pivot":{"x":0.5395945906639099,"y":0.5882861614227295,"z":0.18265295028686524},"rotation":{"x":0.014062052592635155,"y":0.9434254765510559,"z":-0.3288547694683075,"w":0.04051477089524269},"size":1.373488426208496,"orthographic":false}