{"cameraMode":{"drawMode":0,"name":"Shaded","section":"Shading Mode"},"sceneLighting":false,"audioPlay":false,"sceneViewState":{"showFog":true,"showMaterialUpdate":false,"showSkybox":false,"showFlares":true,"showImageEffects":true,"showParticleSystems":true,"showVisualEffectGraphs":true,"m_FxEnabled":true},"in2DMode":false,"pivot":{"x":-0.5976486802101135,"y":0.9845653772354126,"z":-1.0043002367019654},"rotation":{"x":-0.01203129906207323,"y":0.9841052889823914,"z":-0.07335575670003891,"w":-0.16144737601280213},"size":1.3618758916854859,"orthographic":false}