{"cameraMode":{"drawMode":0,"name":"Shaded","section":"Shading Mode"},"sceneLighting":false,"audioPlay":false,"sceneViewState":{"showFog":false,"showMaterialUpdate":false,"showSkybox":false,"showFlares":false,"showImageEffects":false,"showParticleSystems":false,"showVisualEffectGraphs":true,"m_FxEnabled":true},"in2DMode":false,"pivot":{"x":-5.960464477539063e-8,"y":0.8863807320594788,"z":-0.005344688892364502},"rotation":{"x":-0.07150513678789139,"y":0.8596765398979187,"z":-0.12545138597488404,"w":-0.49005642533302309},"size":1.3736704587936402,"orthographic":false}