{"cameraMode":{"drawMode":0,"name":"Shaded","section":"Shading Mode"},"sceneLighting":false,"audioPlay":false,"sceneViewState":{"showFog":false,"showMaterialUpdate":false,"showSkybox":false,"showFlares":false,"showImageEffects":false,"showParticleSystems":false,"showVisualEffectGraphs":true,"m_FxEnabled":true},"in2DMode":false,"pivot":{"x":0.3513323664665222,"y":0.7100061178207398,"z":-0.019210219383239747},"rotation":{"x":-0.03427683189511299,"y":0.9603536128997803,"z":-0.2405226230621338,"w":-0.13691109418869019},"size":1.1808264255523682,"orthographic":false}