{"cameraMode":{"drawMode":0,"name":"Shaded","section":"Shading Mode"},"sceneLighting":false,"audioPlay":false,"sceneViewState":{"showFog":true,"showMaterialUpdate":false,"showSkybox":false,"showFlares":true,"showImageEffects":true,"showParticleSystems":true,"showVisualEffectGraphs":true,"m_FxEnabled":true},"in2DMode":false,"pivot":{"x":0.00047728419303894043,"y":0.05386197566986084,"z":-0.6965292692184448},"rotation":{"x":0.05156020075082779,"y":0.8900468349456787,"z":-0.4408619701862335,"w":0.10406084358692169},"size":1.1483302116394044,"orthographic":false}