{"cameraMode":{"drawMode":0,"name":"Shaded","section":"Shading Mode"},"sceneLighting":false,"audioPlay":false,"sceneViewState":{"showFog":false,"showMaterialUpdate":false,"showSkybox":false,"showFlares":false,"showImageEffects":false,"showParticleSystems":false,"showVisualEffectGraphs":true,"m_FxEnabled":true},"in2DMode":false,"pivot":{"x":0.18071404099464417,"y":0.5468974113464356,"z":-0.5268282890319824},"rotation":{"x":-0.020157083868980409,"y":0.9611961841583252,"z":-0.26539626717567446,"w":-0.07279200851917267},"size":1.373488426208496,"orthographic":false}