{"cameraMode":{"drawMode":0,"name":"Shaded","section":"Shading Mode"},"sceneLighting":true,"audioPlay":false,"sceneViewState":{"showFog":true,"showMaterialUpdate":false,"showSkybox":true,"showFlares":true,"showImageEffects":true,"showParticleSystems":true,"showVisualEffectGraphs":true,"m_FxEnabled":true},"in2DMode":false,"pivot":{"x":257.15777587890627,"y":-187.58644104003907,"z":589.558349609375},"rotation":{"x":0.28993380069732668,"y":0.06353297829627991,"z":-0.01986812800168991,"w":0.9545964598655701},"size":242.57484436035157,"orthographic":false}